City_ID,City,Cloudiness,Country,Date,Humidity,Lat,Lng,Max Temp,Wind Speed
0,Jamestown,100,US,2022-07-16 23:23:12,55,42.097,-79.2353,78.94,8.05
1,San Patricio,6,US,2022-07-16 23:26:40,45,28.017,-97.5169,93.18,16.58
2,Wenling,98,CN,2022-07-16 23:26:40,92,28.3669,121.36,81.0,7.18
3,Broome,0,US,2022-07-16 23:24:35,59,42.2506,-75.833,80.85,6.91
4,Albany,100,US,2022-07-16 23:24:47,53,42.6001,-73.9662,81.34,1.01
5,Thompson,75,CA,2022-07-16 23:26:41,47,55.7435,-97.8558,82.56,0.0
6,Port Elizabeth,0,ZA,2022-07-16 23:26:41,76,-33.918,25.5701,52.09,4.61
7,Samarai,68,PG,2022-07-16 23:26:41,81,-10.6167,150.6667,80.44,16.44
8,Akureyri,75,IS,2022-07-16 23:26:42,87,65.6835,-18.0878,51.73,11.5
9,Longyearbyen,0,SJ,2022-07-16 23:26:42,66,78.2186,15.6401,53.44,10.36
10,Bima,31,ID,2022-07-16 23:26:42,90,-8.4667,118.7167,74.28,4.21
11,Atuona,86,PF,2022-07-16 23:26:43,73,-9.8,-139.0333,77.41,14.0
12,Vardo,100,NO,2022-07-16 23:26:43,87,70.3705,31.1107,53.58,11.5
13,Pestyaki,78,RU,2022-07-16 23:26:44,65,56.7103,42.6717,60.42,0.56
14,Panjab,0,AF,2022-07-16 23:26:44,35,34.388,67.0233,53.53,4.65
15,Hobart,40,AU,2022-07-16 23:25:02,70,-42.8794,147.3294,53.46,11.5
16,Chadiza,62,ZM,2022-07-16 23:26:44,69,-14.0678,32.4392,56.37,6.85
17,Chabahar,99,IR,2022-07-16 23:26:45,86,25.2919,60.643,83.77,9.22
18,Busselton,96,AU,2022-07-16 23:26:45,73,-33.65,115.3333,56.21,8.59
19,Rockhampton,74,AU,2022-07-16 23:26:45,72,-23.3833,150.5,62.49,9.22
20,Puerto Del Rosario,20,ES,2022-07-16 23:26:46,73,28.5004,-13.8627,73.15,13.8
21,Whitehorse,75,CA,2022-07-16 23:22:11,37,60.7161,-135.0538,68.77,19.57
22,Cabo San Lucas,20,MX,2022-07-16 23:24:50,43,22.8909,-109.9124,94.3,5.01
23,Snezhnogorsk,85,RU,2022-07-16 23:26:46,91,69.1933,33.2531,56.98,0.96
24,Pevek,100,RU,2022-07-16 23:26:47,95,69.7008,170.3133,36.25,6.46
25,Saint-Pierre,75,RE,2022-07-16 23:26:47,77,-21.3393,55.4781,67.68,12.66
26,Dasoguz,0,TM,2022-07-16 23:26:47,39,41.8363,59.9666,80.55,6.91
27,Arraial Do Cabo,0,BR,2022-07-16 23:26:48,61,-22.9661,-42.0278,78.66,12.66
28,Port Alfred,2,ZA,2022-07-16 23:26:48,40,-33.5906,26.891,66.65,9.53
29,Kavieng,8,PG,2022-07-16 23:26:48,76,-2.5744,150.7967,82.4,11.99
30,Beyneu,13,KZ,2022-07-16 23:26:49,19,45.3167,55.2,88.11,9.78
31,Deskati,0,GR,2022-07-16 23:26:49,36,39.9225,21.8028,68.76,3.02
32,Nikolskoye,39,RU,2022-07-16 23:21:57,90,59.7035,30.7861,53.8,5.44
33,Butaritari,100,KI,2022-07-16 23:26:49,80,3.0707,172.7902,80.37,14.38
34,Hermanus,62,ZA,2022-07-16 23:22:43,50,-34.4187,19.2345,62.8,7.61
35,Bredasdorp,81,ZA,2022-07-16 23:22:40,36,-34.5322,20.0403,60.35,6.33
36,Canon City,75,US,2022-07-16 23:26:50,40,38.441,-105.2424,87.96,12.66
37,Miranda,58,CO,2022-07-16 23:26:50,87,3.2499,-76.2281,78.93,2.33
38,Rikitea,99,PF,2022-07-16 23:26:51,78,-23.1203,-134.9692,72.59,14.09
39,Cape Town,0,ZA,2022-07-16 23:26:51,49,-33.9258,18.4232,67.12,5.75
40,Necochea,99,AR,2022-07-16 23:26:51,68,-38.5473,-58.7368,46.15,22.57
41,Mataura,100,NZ,2022-07-16 23:26:52,76,-46.1927,168.8643,48.47,3.76
42,Lavrentiya,73,RU,2022-07-16 23:26:52,62,65.5833,-171.0,51.89,8.19
43,Isangel,50,VU,2022-07-16 23:26:52,71,-19.55,169.2667,72.93,20.0
44,Xuchang,77,CN,2022-07-16 23:29:23,83,34.0167,113.8167,78.35,2.75
45,Garden City,75,US,2022-07-16 23:29:17,64,42.3256,-83.331,81.9,4.61
46,Fortuna,31,US,2022-07-16 23:29:23,73,40.5982,-124.1573,71.85,8.01
47,Roma,0,US,2022-07-16 23:25:18,52,43.2128,-75.4557,83.82,6.91
48,Punta Arenas,75,CL,2022-07-16 23:24:27,69,-53.15,-70.9167,33.91,11.5
49,Seoul,75,KR,2022-07-16 23:26:45,86,37.5683,126.9778,76.39,5.75
50,Rundu,0,NA,2022-07-16 23:29:24,44,-17.9333,19.7667,52.16,6.55
51,Lima,100,PE,2022-07-16 23:26:27,83,-12.0432,-77.0282,60.91,11.5
52,Norman Wells,75,CA,2022-07-16 23:29:24,52,65.282,-126.8329,69.84,16.11
53,Ushuaia,20,AR,2022-07-16 23:29:25,60,-54.8,-68.3,40.66,5.75
54,Librazhd,3,AL,2022-07-16 23:29:25,53,41.1794,20.315,74.86,5.03
55,Upernavik,100,GL,2022-07-16 23:29:26,91,72.7868,-56.1549,43.09,12.06
56,Vila Velha,0,BR,2022-07-16 23:29:26,88,-20.3297,-40.2925,73.35,11.5
57,Simao,37,CN,2022-07-16 23:29:26,97,22.7886,100.9748,67.05,2.1
58,Comodoro Rivadavia,0,AR,2022-07-16 23:24:58,65,-45.8667,-67.5,39.06,11.5
59,Atasu,1,KZ,2022-07-16 23:29:27,44,48.6814,71.6433,72.12,8.7
60,Parrita,40,CR,2022-07-16 23:29:27,80,9.5201,-84.3225,81.03,2.89
61,Cabrera,12,DO,2022-07-16 23:29:28,84,19.6426,-69.9049,82.33,18.3
62,Shizunai,100,JP,2022-07-16 23:29:28,90,42.3339,142.3669,67.66,5.32
63,Port Hardy,75,CA,2022-07-16 23:29:03,88,50.6996,-127.4199,59.18,3.44
64,Saskylakh,83,RU,2022-07-16 23:29:25,66,71.9167,114.0833,54.46,8.52
65,Sabha,0,LY,2022-07-16 23:29:29,21,27.0377,14.4283,82.24,10.02
66,Bethel,0,US,2022-07-16 23:29:29,78,41.3712,-73.414,77.36,0.0
67,Peniche,20,PT,2022-07-16 23:29:30,91,39.3558,-9.3811,68.29,8.48
68,Bodden Town,20,KY,2022-07-16 23:29:30,67,19.2833,-81.25,88.0,7.0
69,Carnarvon,94,AU,2022-07-16 23:28:33,55,-24.8667,113.6333,66.13,7.76
70,Fayaoue,14,NC,2022-07-16 23:29:30,62,-20.65,166.5333,72.12,25.64
71,Ormara,100,PK,2022-07-16 23:29:31,79,25.2088,64.6357,84.58,7.14
72,Qaanaaq,27,GL,2022-07-16 23:29:31,79,77.484,-69.3632,48.87,7.0
73,Dunmore Town,94,BS,2022-07-16 23:29:32,80,25.5,-76.65,82.53,14.43
74,Chokurdakh,100,RU,2022-07-16 23:29:32,71,70.6333,147.9167,45.41,18.79
75,Kieta,66,PG,2022-07-16 23:27:36,74,-6.2167,155.6333,82.49,5.82
76,Caiaponia,100,BR,2022-07-16 23:29:33,37,-16.9567,-51.8103,72.34,3.06
77,Avarua,75,CK,2022-07-16 23:29:33,73,-21.2078,-159.775,77.05,21.85
78,Kodiak,100,US,2022-07-16 23:27:17,77,57.79,-152.4072,62.11,9.22
79,Chongwe,0,ZM,2022-07-16 23:29:34,56,-15.3292,28.682,51.1,4.12
80,Lata,61,PT,2022-07-16 23:29:34,67,40.1629,-8.3327,66.4,1.66
81,Straumen,97,NO,2022-07-16 23:29:34,87,63.8709,11.2999,48.2,11.99
82,Dikson,33,RU,2022-07-16 23:29:35,69,73.5069,80.5464,47.59,7.63
83,Kautokeino,100,NO,2022-07-16 23:29:35,96,69.0125,23.0412,47.59,8.97
84,Kishtwar,22,IN,2022-07-16 23:29:35,82,33.3167,75.7667,64.04,3.74
85,Lebu,100,CL,2022-07-16 23:29:36,74,-37.6167,-73.65,48.06,16.98
86,Hokitika,99,NZ,2022-07-16 23:29:36,79,-42.7167,170.9667,47.93,3.44
87,Cloquet,100,US,2022-07-16 23:29:37,69,46.7216,-92.4594,81.28,0.0
88,Dingle,98,PH,2022-07-16 23:29:37,88,10.9995,122.6711,78.03,3.6
89,Wellington,75,NZ,2022-07-16 23:28:01,85,-41.2866,174.7756,53.26,25.32
90,Kavaratti,100,IN,2022-07-16 23:30:38,79,10.5669,72.642,81.68,17.09
91,Erzin,8,TR,2022-07-16 23:30:38,91,36.9559,36.2,73.35,0.49
92,Aklavik,100,CA,2022-07-16 23:30:38,82,68.2191,-135.0107,57.2,5.75
93,Ponta Do Sol,31,PT,2022-07-16 23:30:39,80,32.6667,-17.1,70.0,2.35
94,Iroquois,100,US,2022-07-16 23:30:39,89,40.7506,-87.8334,76.3,7.78
95,Jalu,0,LY,2022-07-16 23:30:39,55,29.0331,21.5482,77.02,13.31
96,Margate,47,GB,2022-07-16 23:25:41,83,51.3813,1.3862,64.9,3.0
97,Eyl,81,SO,2022-07-16 23:30:40,54,7.9803,49.8164,80.22,31.47
98,Talnakh,100,RU,2022-07-16 23:30:40,47,69.4865,88.3972,60.21,6.02
99,Kutum,43,SD,2022-07-16 23:30:40,52,14.2,24.6667,78.19,2.46
100,Hobyo,88,SO,2022-07-16 23:30:41,74,5.3505,48.5268,76.37,29.39
101,Geraldton,100,AU,2022-07-16 23:27:51,82,-28.7667,114.6,55.81,10.36
102,Tiksi,89,RU,2022-07-16 23:30:41,91,71.6872,128.8694,38.75,8.52
103,Suluq,0,LY,2022-07-16 23:30:42,70,31.6682,20.2521,75.58,8.72
104,Vadso,100,NO,2022-07-16 23:30:42,100,70.0744,29.7487,52.68,19.57
105,Iskateley,100,RU,2022-07-16 23:30:43,97,67.6803,53.1512,64.69,6.62
106,Tessalit,80,ML,2022-07-16 23:30:43,25,20.1986,1.0114,92.01,15.05
107,Barrow,100,US,2022-07-16 23:30:44,76,71.2906,-156.7887,44.62,10.36
108,Puerto Ayora,39,EC,2022-07-16 23:30:44,92,-0.7393,-90.3518,69.55,5.99
109,Chicama,9,PE,2022-07-16 23:30:44,80,-7.8447,-79.1469,59.54,7.87
110,Opuwo,0,NA,2022-07-16 23:30:45,35,-18.0607,13.84,57.7,8.41
111,Polunochnoye,100,RU,2022-07-16 23:30:45,97,60.8697,60.4153,62.62,1.68
112,Adrar,64,MR,2022-07-16 23:30:45,8,20.5022,-10.0711,94.55,10.8
113,East London,0,ZA,2022-07-16 23:26:15,37,-33.0153,27.9116,64.98,7.31
114,Abu Dhabi,0,AE,2022-07-16 23:29:23,65,24.4667,54.3667,95.02,4.61
115,Mamontovo,96,RU,2022-07-16 23:30:46,76,52.7055,81.6244,63.73,2.37
116,Kenai,100,US,2022-07-16 23:30:47,97,60.5544,-151.2583,56.14,4.61
117,Porto Velho,20,BR,2022-07-16 23:28:15,78,-8.7619,-63.9039,80.65,3.44
118,Victoria,100,HK,2022-07-16 23:29:21,82,22.2855,114.1577,87.96,13.0
119,Bulgan,3,MN,2022-07-16 23:30:47,60,48.8125,103.5347,59.34,3.33
120,Ribeira Grande,1,PT,2022-07-16 23:26:22,87,38.5167,-28.7,71.67,5.73
121,Joshimath,61,IN,2022-07-16 23:30:48,81,30.5667,79.5667,69.57,1.19
122,Tasiilaq,98,GL,2022-07-16 23:27:22,67,65.6145,-37.6368,46.56,4.5
123,Cabedelo,39,BR,2022-07-16 23:30:48,88,-6.9811,-34.8339,74.07,13.85
124,Srednekolymsk,94,RU,2022-07-16 23:30:49,55,67.45,153.6833,58.33,10.38
125,Port Hedland,13,AU,2022-07-16 23:30:49,54,-20.3167,118.5667,53.65,8.05
126,Eucaliptus,13,BO,2022-07-16 23:30:49,25,-17.5833,-67.5167,45.14,5.06
127,Yulara,49,AU,2022-07-16 23:30:50,22,-25.2406,130.9889,57.78,5.7
128,Saint-Philippe,37,RE,2022-07-16 23:30:50,76,-21.3585,55.7679,67.59,12.46
129,Ambon,75,ID,2022-07-16 23:30:50,15,-3.6954,128.1814,78.24,8.05
130,Ugoofaaru,69,MV,2022-07-16 23:30:51,77,5.6667,73.0,81.18,7.81
131,Narsaq,87,GL,2022-07-16 23:30:51,82,60.9167,-46.05,50.22,4.52
132,Port Hawkesbury,40,CA,2022-07-16 23:30:52,66,45.6169,-61.3485,75.15,0.0
133,Funadhoo,77,MV,2022-07-16 23:30:52,78,6.15,73.2667,81.25,9.35
134,Cradock,0,ZA,2022-07-16 23:31:52,39,-32.1642,25.6192,53.74,5.79
135,Pinawa,40,CA,2022-07-16 23:31:53,65,50.1489,-95.8811,81.05,5.77
136,Oranjemund,0,NA,2022-07-16 23:30:23,28,-28.55,16.4333,69.57,7.05
137,Guerrero Negro,74,MX,2022-07-16 23:31:53,66,27.9769,-114.0611,73.17,18.54
138,Kyren,21,RU,2022-07-16 23:31:54,69,51.6828,102.1408,59.97,1.14
139,Narsingi,100,IN,2022-07-16 23:31:54,88,18.0333,78.4333,73.36,13.73
140,Acarau,11,BR,2022-07-16 23:31:10,80,-2.8856,-40.12,79.11,14.79
141,Melnikovo,68,RU,2022-07-16 23:31:55,82,56.5558,84.085,57.13,0.96
142,The Valley,20,AI,2022-07-16 23:31:55,78,18.217,-63.0578,82.54,14.97
143,La Rioja,45,ES,2022-07-16 23:31:55,35,42.25,-2.5,67.78,6.38
144,Marsa Matruh,20,EG,2022-07-16 23:31:56,73,31.3525,27.2453,77.2,8.05
145,Xiongyue,84,CN,2022-07-16 23:31:56,81,40.1774,122.1228,74.93,4.59
146,Praia Da Vitoria,75,PT,2022-07-16 23:31:56,83,38.7333,-27.0667,71.85,9.15
147,Severo-Kurilsk,100,RU,2022-07-16 23:31:01,90,50.6789,156.125,55.56,3.4
148,Kapaa,100,US,2022-07-16 23:31:57,76,22.0752,-159.319,84.18,18.41
149,Myaundzha,39,RU,2022-07-16 23:31:57,56,63.0494,147.1858,73.58,6.11
150,Ilulissat,57,GL,2022-07-16 23:31:58,53,69.2167,-51.1,50.02,6.91
151,San Quintin,2,MX,2022-07-16 23:31:58,71,30.4833,-115.95,72.0,13.11
152,Pisco,9,PE,2022-07-16 23:31:59,72,-13.7,-76.2167,63.01,9.22
153,Tuktoyaktuk,75,CA,2022-07-16 23:31:59,42,69.4541,-133.0374,66.2,10.36
154,Chara,99,RU,2022-07-16 23:31:59,90,56.9064,118.2631,64.8,2.44
155,Port Keats,48,AU,2022-07-16 23:31:59,48,-14.25,129.55,69.22,9.62
156,Hofn,80,IS,2022-07-16 23:29:01,89,64.2539,-15.2082,50.88,8.9
157,Kaitangata,99,NZ,2022-07-16 23:27:40,69,-46.2817,169.8464,42.04,4.59
158,Cherskiy,44,RU,2022-07-16 23:32:01,50,68.75,161.3,55.78,19.57
159,Yellowknife,75,CA,2022-07-16 23:31:48,82,62.456,-114.3525,64.92,3.44
160,Cairns,75,AU,2022-07-16 23:31:27,85,-16.9167,145.7667,74.07,12.66
161,Rorvik,100,NO,2022-07-16 23:32:01,81,64.8621,11.2373,51.89,21.27
162,Vaini,20,TO,2022-07-16 23:28:54,89,-21.2,-175.2,80.76,8.05
163,Provideniya,62,RU,2022-07-16 23:32:02,51,64.3833,-173.3,55.81,7.05
164,Dakoro,98,NE,2022-07-16 23:32:02,53,14.5106,6.765,84.49,8.84
165,Asau,3,RO,2022-07-16 23:32:02,55,46.4333,26.4,60.28,5.97
166,Domoni,45,KM,2022-07-16 23:32:03,81,-12.2569,44.5319,73.67,11.07
167,Sinnamary,54,GF,2022-07-16 23:32:03,88,5.3833,-52.95,77.61,7.27
168,Cockburn Town,40,TC,2022-07-16 23:32:04,78,21.4612,-71.1419,82.36,17.27
169,New Norfolk,99,AU,2022-07-16 23:32:04,79,-42.7826,147.0587,53.92,3.0
170,Llanes,96,ES,2022-07-16 23:32:04,58,43.4198,-4.7549,79.29,8.77
171,Nouadhibou,75,MR,2022-07-16 23:32:05,88,20.931,-17.0347,69.78,24.16
172,Charters Towers,0,AU,2022-07-16 23:32:05,63,-20.1,146.2667,65.34,9.98
173,Ancud,100,CL,2022-07-16 23:32:05,89,-41.8697,-73.8203,46.22,26.62
174,Zaraza,87,VE,2022-07-16 23:32:06,96,9.3503,-65.3245,74.17,5.48
175,Bluff,100,NZ,2022-07-16 23:33:06,71,-46.6,168.3333,48.79,19.98
176,Farafangana,61,MG,2022-07-16 23:33:07,83,-22.8167,47.8333,67.66,9.6
177,Georgetown,20,MY,2022-07-16 23:29:51,92,5.4112,100.3354,82.33,3.44
178,Majene,77,ID,2022-07-16 23:33:07,86,-3.5403,118.9707,78.8,12.97
179,Jasper,0,US,2022-07-16 23:33:08,45,37.2001,-94.3502,96.85,11.5
180,Cidreira,62,BR,2022-07-16 23:29:42,90,-30.1811,-50.2056,67.6,15.66
181,Crossville,20,US,2022-07-16 23:32:53,61,35.949,-85.0269,86.63,4.61
182,Hithadhoo,45,MV,2022-07-16 23:32:06,77,-0.6,73.0833,82.89,13.94
183,Camana,64,PE,2022-07-16 23:30:39,83,-16.6228,-72.7111,59.49,11.07
184,Torbay,40,CA,2022-07-16 23:33:09,69,47.6666,-52.7314,66.97,14.97
185,Balozi,0,LV,2022-07-16 23:33:09,95,56.8761,24.1186,53.85,3.44
186,Ulaanbaatar,0,MN,2022-07-16 23:33:09,87,47.9077,106.8832,48.33,2.24
187,Chernyshevskiy,100,RU,2022-07-16 23:33:10,98,63.0128,112.4714,52.7,6.17
188,Dunedin,79,NZ,2022-07-16 23:30:06,45,-45.8742,170.5036,48.79,10.0
189,Ushtobe,4,KZ,2022-07-16 23:33:10,27,45.2514,77.9838,73.69,7.43
190,Flin Flon,75,CA,2022-07-16 23:30:22,48,54.7682,-101.865,84.04,2.3
191,Primorsk,63,UA,2022-07-16 23:33:11,79,46.7348,36.3443,69.67,7.11
192,Preobrazheniye,100,RU,2022-07-16 23:33:11,93,42.9019,133.9064,62.71,16.75
193,Bengkulu,98,ID,2022-07-16 23:33:12,84,-3.8004,102.2655,75.54,3.6
194,Airai,79,TL,2022-07-16 23:28:42,87,-8.9266,125.4092,57.13,4.07
195,Kruisfontein,45,ZA,2022-07-16 23:33:12,27,-34.0033,24.7314,62.26,9.55
196,Kalianget,50,ID,2022-07-16 23:33:13,78,-7.05,113.9333,80.98,13.67
197,Chuy,99,UY,2022-07-16 23:29:11,92,-33.6971,-53.4616,48.4,15.3
198,Nusaybin,0,TR,2022-07-16 23:33:13,35,37.0778,41.2178,81.64,4.56
199,Port Lincoln,39,AU,2022-07-16 23:29:38,69,-34.7333,135.8667,56.44,19.71
200,Hilo,100,US,2022-07-16 23:31:38,94,19.7297,-155.09,84.27,11.5
201,Luxor,0,EG,2022-07-16 23:33:14,28,25.6989,32.6421,84.25,3.44
202,Killybegs,100,IE,2022-07-16 23:33:14,90,54.6333,-8.45,61.74,3.56
203,Clyde River,0,CA,2022-07-16 23:33:15,81,70.4692,-68.5914,41.23,6.91
204,Khatanga,30,RU,2022-07-16 23:33:15,51,71.9667,102.5,63.23,6.62
205,Forbes,7,AU,2022-07-16 23:33:15,60,-33.3833,148.0167,51.35,15.01
206,Teahupoo,36,PF,2022-07-16 23:33:16,75,-17.8333,-149.2667,76.96,19.75
207,Sicamous,2,CA,2022-07-16 23:30:23,28,50.8331,-118.9856,87.19,3.62
208,Kodinar,47,IN,2022-07-16 23:33:16,86,20.7903,70.7031,80.71,19.3
209,Galveston,0,US,2022-07-16 23:33:17,68,29.3669,-94.9669,94.08,14.97
210,Guanica,13,PR,2022-07-16 23:28:26,83,17.9716,-66.908,86.13,14.94
211,Baijiantan,2,CN,2022-07-16 23:33:17,21,45.6333,85.1833,83.05,1.77
212,Orel-Izumrud,100,RU,2022-07-16 23:33:18,94,43.4583,39.9244,69.82,8.95
213,Kudahuvadhoo,84,MV,2022-07-16 23:33:18,70,2.6708,72.8944,82.76,2.1
214,Bathsheba,75,BB,2022-07-16 23:28:54,96,13.2167,-59.5167,79.41,14.97
215,Saint George,0,US,2022-07-16 23:33:19,14,37.1041,-113.5841,110.62,6.91
216,Grand Gaube,5,MU,2022-07-16 23:32:02,76,-20.0064,57.6608,70.2,3.0
217,Gigmoto,98,PH,2022-07-16 23:33:19,79,13.7796,124.39,83.12,3.36
218,Maceio,100,BR,2022-07-16 23:28:50,88,-9.6658,-35.7353,74.64,8.05
219,Klaksvik,44,FO,2022-07-16 23:33:20,87,62.2266,-6.589,50.92,16.26
220,Kamenka,100,RU,2022-07-16 23:33:20,81,51.3223,42.7678,64.15,6.15
221,Luena,0,AO,2022-07-16 23:33:20,56,-11.7833,19.9167,52.07,5.73
222,Muyezerskiy,72,RU,2022-07-16 23:29:24,96,63.9333,31.65,48.83,5.06
223,Masuguru,2,TZ,2022-07-16 23:34:21,58,-11.3667,38.4167,66.43,1.83
224,Muroto,84,JP,2022-07-16 23:34:21,81,33.2833,134.15,78.8,4.34
225,Gambela,100,ET,2022-07-16 23:34:22,81,8.25,34.5833,71.46,3.4
226,Oktyabrskiy,69,RU,2022-07-16 23:34:22,88,54.4815,53.471,61.72,1.57
227,Rocha,100,UY,2022-07-16 23:34:22,89,-34.4833,-54.3333,47.3,23.17
228,Castro,85,BR,2022-07-16 23:30:54,48,-24.7911,-50.0119,72.03,11.18
229,Wau,29,SS,2022-07-16 23:34:23,84,7.7029,27.9953,70.65,3.91
230,Vao,16,NC,2022-07-16 23:34:23,59,-22.6667,167.4833,69.69,24.43
231,Pavlodar,0,KZ,2022-07-16 23:34:23,88,52.3,76.95,66.0,11.18
232,Port Arthur,85,CN,2022-07-16 23:34:24,82,38.8,121.2667,79.02,6.87
233,Mahebourg,40,MU,2022-07-16 23:34:24,73,-20.4081,57.7,70.09,13.8
234,Karratha,1,AU,2022-07-16 23:34:24,40,-20.7377,116.8463,66.65,4.92
235,Komsomolskiy,0,UZ,2022-07-16 23:34:25,33,40.4272,71.7189,77.72,6.91
236,Vanavara,98,RU,2022-07-16 23:34:25,65,60.34,102.2797,61.16,1.68
237,Uzyn,98,UA,2022-07-16 23:34:25,86,49.8262,30.4149,57.58,3.69
238,Santa Cruz,100,BO,2022-07-16 23:30:04,88,-17.8,-63.1667,57.25,18.41
239,Lufkin,0,US,2022-07-16 23:29:33,37,31.3382,-94.7291,98.74,5.75
240,Rusape,16,ZW,2022-07-16 23:34:26,95,-18.5278,32.1284,44.31,3.11
241,Nago,100,JP,2022-07-16 23:34:26,77,26.5881,127.9761,85.05,10.07
242,San Juan,13,AR,2022-07-16 23:34:27,45,-31.5375,-68.5364,44.49,9.08
243,Yinchuan,96,CN,2022-07-16 23:34:27,28,38.4681,106.2731,78.1,6.44
244,Tubuala,75,PA,2022-07-16 23:34:28,81,9.5167,-79.0333,80.58,8.12
245,Puerto Penasco,2,MX,2022-07-16 23:34:28,71,31.3167,-113.5333,88.92,11.99
246,Naze,100,JP,2022-07-16 23:34:28,84,28.3667,129.4833,79.72,14.43
247,Mirabad,3,AF,2022-07-16 23:34:29,12,30.4362,61.8383,88.11,16.42
248,Khorramshahr,0,IR,2022-07-16 23:34:29,16,30.4397,48.1664,98.56,11.5
249,Atlantis,35,ZA,2022-07-16 23:34:29,72,-33.5667,18.4834,59.29,5.59
250,Banda Aceh,99,ID,2022-07-16 23:34:30,77,5.5577,95.3222,79.57,7.74
251,Katsuura,100,JP,2022-07-16 23:34:30,86,35.1333,140.3,77.02,17.45
252,Vila,54,PT,2022-07-16 23:34:30,74,42.0304,-8.1588,65.7,2.77
253,Vestmannaeyjar,100,IS,2022-07-16 23:34:31,81,63.4427,-20.2734,51.17,5.79
254,Celestun,99,MX,2022-07-16 23:34:31,70,20.8667,-90.4,82.74,15.68
255,Hudson Bay,0,CA,2022-07-16 23:34:31,49,52.85,-102.3842,87.84,6.42
256,Mehamn,100,NO,2022-07-16 23:34:32,93,71.0357,27.8492,51.75,23.02
257,North Platte,20,US,2022-07-16 23:34:32,37,41.1239,-100.7654,99.12,15.01
258,Zyryanka,100,RU,2022-07-16 23:34:32,64,65.75,150.85,61.36,11.23
259,Sainte-Adele,55,CA,2022-07-16 23:33:56,59,45.9501,-74.1325,77.11,4.61
260,Tuy Hoa,74,VN,2022-07-16 23:34:33,83,13.0833,109.3,80.02,7.85
261,Pipar,90,IN,2022-07-16 23:34:33,74,26.3856,73.5378,83.8,2.95
262,Senekal,0,ZA,2022-07-16 23:34:33,47,-28.3197,27.6208,45.73,5.5
263,Skegness,78,GB,2022-07-16 23:34:34,79,53.1436,0.3363,62.67,14.32
264,Ballina,1,AU,2022-07-16 23:34:34,73,-28.8667,153.5667,65.01,11.92
265,Mbanza-Ngungu,51,CD,2022-07-16 23:34:35,76,-5.25,14.8667,66.9,8.21
266,Esperance,34,AU,2022-07-16 23:33:22,77,-33.8667,121.9,54.03,5.7
267,Aberdeen,100,GB,2022-07-16 23:35:35,83,57.1437,-2.0981,63.5,2.3
268,Tsiroanomandidy,49,MG,2022-07-16 23:35:35,76,-18.7667,46.0333,57.34,3.96
269,Trinidad,75,BO,2022-07-16 23:35:36,74,-14.8333,-64.9,82.38,5.75
270,Krasnyy Chikoy,1,RU,2022-07-16 23:35:36,72,50.3643,108.7512,58.84,3.13
271,San Pedro,75,PH,2022-07-16 23:35:37,90,14.35,121.0167,79.27,4.61
272,Alta Floresta,54,BR,2022-07-16 23:35:37,47,-9.8756,-56.0861,80.8,2.48
273,Mill Valley,29,US,2022-07-16 23:35:37,79,37.906,-122.545,91.04,11.01
274,Yar-Sale,20,RU,2022-07-16 23:35:38,66,66.8333,70.8333,56.05,6.33
275,Carire,88,BR,2022-07-16 23:35:38,47,-3.9506,-40.4733,81.54,2.13
276,Qesarya,0,IL,2022-07-16 23:35:38,73,32.5189,34.9046,76.96,4.63
277,Lompoc,0,US,2022-07-16 23:35:39,68,34.6391,-120.4579,96.01,14.97
278,Benjamin Hill,31,MX,2022-07-16 23:35:39,59,30.1667,-111.1,80.67,20.67
279,Hay River,87,CA,2022-07-16 23:35:39,60,60.8156,-115.7999,69.78,5.75
280,Coruripe,24,BR,2022-07-16 23:35:22,86,-10.1256,-36.1756,72.63,9.13
281,Ahipara,36,NZ,2022-07-16 23:35:40,58,-35.1667,173.1667,58.24,5.93
282,Okhotsk,92,RU,2022-07-16 23:35:40,85,59.3833,143.3,59.97,5.06
283,Belfast,100,GB,2022-07-16 23:32:43,93,54.5833,-5.9333,61.39,6.91
284,Gander,75,CA,2022-07-16 23:35:41,63,48.9682,-54.5906,64.53,5.75
285,Panalingaan,100,PH,2022-07-16 23:35:41,82,8.7842,117.4231,80.47,1.97
286,Urusha,84,RU,2022-07-16 23:35:41,75,54.05,122.9,72.45,4.18
287,Ahuimanu,100,US,2022-07-16 23:35:42,74,21.4447,-157.8378,89.31,14.97
288,Saint-Leu,15,RE,2022-07-16 23:35:42,73,-21.15,55.2833,67.06,10.38
289,Maragogi,62,BR,2022-07-16 23:35:06,88,-9.0122,-35.2225,74.32,11.92
290,Karasjok,100,NO,2022-07-16 23:35:43,94,69.4719,25.5112,49.44,10.69
291,Fairbanks,75,US,2022-07-16 23:35:13,70,64.8378,-147.7164,66.09,6.91
292,Jishou,99,CN,2022-07-16 23:35:43,83,28.3167,109.7167,84.22,1.95
293,Mar Del Plata,100,AR,2022-07-16 23:35:44,77,-38.0023,-57.5575,47.08,13.8
294,Los Llanos De Aridane,100,ES,2022-07-16 23:35:44,94,28.6585,-17.9182,67.75,13.8
295,Illora,0,ES,2022-07-16 23:35:44,45,37.2877,-3.8811,75.04,0.0
296,Hualmay,36,PE,2022-07-16 23:35:45,83,-11.0964,-77.6139,61.2,11.95
297,Pangnirtung,71,CA,2022-07-16 23:34:33,65,66.1451,-65.7125,50.34,2.84
298,Madang,91,PG,2022-07-16 23:35:45,85,-5.2246,145.7966,81.12,1.83
299,Divnogorsk,99,RU,2022-07-16 23:35:46,89,55.9594,92.3619,50.74,0.94
300,Jacareacanga,37,BR,2022-07-16 23:35:46,64,-6.2222,-57.7528,78.84,2.93
301,Mangai,43,CD,2022-07-16 23:35:46,58,-4.05,19.5333,72.43,1.19
302,Qingquan,100,CN,2022-07-16 23:35:47,92,30.4511,115.2559,79.79,1.32
303,Darnah,0,LY,2022-07-16 23:35:48,75,32.767,22.6367,78.28,18.63
304,Yumen,74,CN,2022-07-16 23:35:48,35,40.2833,97.2,72.84,11.01
305,Touros,48,BR,2022-07-16 23:35:49,89,-5.1989,-35.4608,75.34,13.49
306,Waingapu,29,ID,2022-07-16 23:35:49,70,-9.6567,120.2641,77.18,11.68
307,Saldanha,11,ZA,2022-07-16 23:35:42,52,-33.0117,17.9442,50.05,9.57
308,Palmer,100,US,2022-07-16 23:35:50,66,42.1584,-72.3287,78.17,5.14
309,Yelniki,82,RU,2022-07-16 23:35:50,70,54.6207,43.876,59.59,1.1
310,Le Port,29,RE,2022-07-16 23:35:50,71,-20.9373,55.2919,68.0,5.12
311,Plettenberg Bay,64,ZA,2022-07-16 23:35:51,33,-34.0527,23.3716,69.84,12.28
312,Palma Soriano,99,CU,2022-07-16 23:35:51,87,20.2172,-75.9989,83.26,5.64
313,Sakata,75,JP,2022-07-16 23:35:51,83,38.9167,139.855,75.38,6.91
314,Hammerfest,75,NO,2022-07-16 23:31:37,100,70.6634,23.6821,48.65,9.22
315,Tumut,96,AU,2022-07-16 23:35:52,84,-35.3,148.2167,44.2,3.13
316,Tilichiki,90,RU,2022-07-16 23:36:52,70,60.4667,166.1,61.34,7.05
317,Newport,93,GB,2022-07-16 23:36:30,71,51.5877,-2.9984,68.54,1.99
318,Pacific Grove,0,US,2022-07-16 23:36:38,82,36.6177,-121.9166,81.25,11.5
319,Valparaiso,0,CL,2022-07-16 23:36:53,80,-33.0393,-71.6273,49.64,5.75
320,Berlevag,100,NO,2022-07-16 23:31:54,93,70.8578,29.0864,51.8,17.27
321,Loiza,40,PR,2022-07-16 23:36:54,89,18.4313,-65.8802,84.16,14.97
322,Mersing,20,MY,2022-07-16 23:36:54,94,2.4312,103.8405,78.71,6.91
323,Valleyview,12,CA,2022-07-16 23:36:54,31,55.0667,-117.2859,77.04,11.5
324,Nome,0,US,2022-07-16 23:33:19,58,64.5011,-165.4064,63.16,6.91
325,Ibra,100,OM,2022-07-16 23:36:55,63,22.6906,58.5334,83.79,8.41
326,Ust-Koksa,87,RU,2022-07-16 23:36:55,89,50.2696,85.6108,56.55,3.42
327,Tarakan,40,ID,2022-07-16 23:36:56,88,3.3,117.6333,74.7,3.44
328,Durban,1,ZA,2022-07-16 23:36:56,90,-29.8579,31.0292,62.02,5.99
329,El Dorado,0,US,2022-07-16 23:34:59,22,38.7666,-120.5177,98.38,3.0
330,Saint-Francois,0,FR,2022-07-16 23:36:57,72,46.4154,3.9054,60.24,0.0
331,Mayumba,86,GA,2022-07-16 23:36:57,93,-3.432,10.6554,69.75,3.65
332,Sal Rei,30,CV,2022-07-16 23:36:57,84,16.1833,-22.9167,74.73,10.69
333,Chililabombwe,4,ZM,2022-07-16 23:34:51,53,-12.3648,27.8229,53.87,9.13
334,Deer Lake,75,CA,2022-07-16 23:36:58,55,49.1667,-57.4316,64.26,10.36
335,Sur,100,OM,2022-07-16 23:36:58,68,22.5667,59.5289,85.86,16.26
336,Bonthe,89,SL,2022-07-16 23:36:59,87,7.5264,-12.505,76.93,8.75
337,Kitwe,4,ZM,2022-07-16 23:36:59,52,-12.7961,28.2477,54.84,6.64
338,Hasaki,100,JP,2022-07-16 23:36:59,93,35.7333,140.8333,77.4,20.33
339,Mala,44,PE,2022-07-16 23:37:00,81,-12.6581,-76.6308,62.06,3.74
340,Coquimbo,0,CL,2022-07-16 23:37:00,71,-29.9533,-71.3436,55.13,1.14
341,Ikalamavony,36,MG,2022-07-16 23:37:01,72,-21.15,46.5833,60.01,11.86
342,Marsh Harbour,94,BS,2022-07-16 23:37:01,77,26.5412,-77.0636,80.83,14.52
343,Chernitsyno,36,RU,2022-07-16 23:37:01,89,51.5074,36.051,58.48,0.27
344,Knysna,46,ZA,2022-07-16 23:37:02,35,-34.0363,23.0471,67.15,10.16
345,Olafsvik,100,IS,2022-07-16 23:37:02,89,64.8945,-23.7142,50.63,3.02
346,Sainte-Suzanne,75,RE,2022-07-16 23:37:02,69,-20.9061,55.6089,68.22,18.41
347,Sola,45,VU,2022-07-16 23:37:03,77,-13.8833,167.55,80.17,22.46
348,Kununurra,68,AU,2022-07-16 23:36:35,76,-15.7667,128.7333,53.58,0.0
349,Henties Bay,0,NA,2022-07-16 23:37:03,43,-22.116,14.2845,67.08,3.53
350,Laguna,0,US,2022-07-16 23:36:03,18,38.421,-121.4238,108.32,9.22
351,Inirida,59,CO,2022-07-16 23:37:04,95,3.8653,-67.9239,75.04,2.39
352,Taltal,0,CL,2022-07-16 23:37:04,61,-25.4,-70.4833,57.02,4.14
353,Warrnambool,93,AU,2022-07-16 23:37:05,80,-38.3833,142.4833,53.82,21.07
354,Pilar,48,BR,2022-07-16 23:37:05,94,-9.5972,-35.9567,73.33,3.62
355,Santana Do Matos,41,BR,2022-07-16 23:37:05,80,-5.9575,-36.6556,74.82,16.26
356,Surt,0,LY,2022-07-16 23:37:06,67,31.2089,16.5887,77.02,8.03
357,Chapais,71,CA,2022-07-16 23:37:06,54,49.7834,-74.8492,69.58,7.94
358,Vila Franca Do Campo,7,PT,2022-07-16 23:34:53,92,37.7167,-25.4333,73.2,6.49
359,Puerto Carreno,20,CO,2022-07-16 23:38:07,70,6.189,-67.4859,85.98,9.22
360,Iralaya,45,HN,2022-07-16 23:38:07,81,15.0,-83.2333,80.11,10.74
361,Kita,100,ML,2022-07-16 23:38:08,95,13.0349,-9.4895,73.89,4.36
362,Linhares,18,BR,2022-07-16 23:38:08,94,-19.3911,-40.0722,66.38,4.36
363,Emmauss,100,RU,2022-07-16 23:38:09,61,56.7805,36.115,55.31,1.28
364,Presidencia Roque Saenz Pena,35,AR,2022-07-16 23:38:10,77,-26.7852,-60.4388,47.08,5.75
365,Despotovac,1,RS,2022-07-16 23:38:10,42,44.0925,21.4469,64.94,1.7
366,Scarborough,97,GB,2022-07-16 23:33:14,80,54.2797,-0.4044,63.91,3.44
367,Verkhnetulomskiy,92,RU,2022-07-16 23:38:10,97,68.6073,31.7962,57.33,1.59
368,Mtambile,80,TZ,2022-07-16 23:38:11,76,-5.3833,39.7,75.11,14.47
369,Hastings,58,GB,2022-07-16 23:33:42,87,50.8552,0.5729,65.52,8.1
370,Mukhtolovo,100,RU,2022-07-16 23:38:11,76,55.4644,43.1953,57.16,3.02
371,Sao Gabriel Da Cachoeira,91,BR,2022-07-16 23:38:11,81,-0.1303,-67.0892,77.76,0.31
372,Medicine Hat,0,CA,2022-07-16 23:35:45,22,50.0501,-110.6683,91.83,14.97
373,Baruun-Urt,91,MN,2022-07-16 23:38:12,67,46.6806,113.2792,62.01,13.04
374,Bend,0,US,2022-07-16 23:38:12,24,44.0582,-121.3153,91.26,10.36
375,Talaja,79,IN,2022-07-16 23:38:13,87,21.35,72.05,80.29,14.94
376,Norfolk,40,US,2022-07-16 23:38:13,61,42.1668,-71.2495,79.52,9.22
377,Hami,99,CN,2022-07-16 23:38:13,24,42.8,93.45,82.15,6.82
378,Constitucion,74,CL,2022-07-16 23:38:14,76,-35.3333,-72.4167,46.76,3.11
379,Smidovich,100,RU,2022-07-16 23:38:14,95,48.6,133.8167,64.67,4.56
380,Antofagasta,0,CL,2022-07-16 23:38:14,69,-23.65,-70.4,56.48,9.44
381,Alexandria,0,EG,2022-07-16 23:34:11,73,31.2156,29.9553,76.96,11.5
382,Daman,97,IN,2022-07-16 23:38:15,88,20.4167,72.85,80.38,16.8
383,Faanui,69,PF,2022-07-16 23:33:30,62,-16.4833,-151.75,77.5,23.69
384,Hamilton,75,US,2022-07-16 23:34:08,55,39.1834,-84.5333,89.73,11.5
385,Bubaque,19,GW,2022-07-16 23:38:15,84,11.2833,-15.8333,80.92,13.27
386,Kovdor,48,RU,2022-07-16 23:38:16,92,67.5662,30.4758,50.4,3.4
387,Mount Gambier,87,AU,2022-07-16 23:38:16,84,-37.8333,140.7667,50.02,13.0
388,Tevaitoa,26,PF,2022-07-16 23:38:17,60,-16.7833,-151.5,77.23,20.94
389,Padang,89,ID,2022-07-16 23:38:17,77,-0.9492,100.3543,77.07,3.42
390,Prince Rupert,20,CA,2022-07-16 23:38:17,84,54.3161,-130.3201,60.89,6.91
391,Ginda,58,IN,2022-07-16 23:38:18,91,30.6945,78.4932,64.87,3.36
392,Bergen,75,NO,2022-07-16 23:38:18,87,60.392,5.328,54.09,3.44
393,Beisfjord,100,NO,2022-07-16 23:38:18,99,68.3751,17.5988,52.05,4.65
394,Linxia,98,CN,2022-07-16 23:38:18,72,35.6003,103.2064,58.91,1.72
395,Tonj,37,SS,2022-07-16 23:38:19,84,7.2737,28.6822,70.43,3.58
396,Okato,36,NZ,2022-07-16 23:38:19,62,-39.2,173.8833,46.69,7.2
397,Alice Springs,4,AU,2022-07-16 23:38:20,31,-23.7,133.8833,44.15,0.0
398,Leningradskiy,99,RU,2022-07-16 23:38:20,84,69.3833,178.4167,39.9,2.64
399,Saint Anthony,75,US,2022-07-16 23:38:20,56,45.0205,-93.218,84.85,11.5
400,Stokmarknes,100,NO,2022-07-16 23:38:21,93,68.5646,14.9108,48.18,5.75
401,Belmonte,7,BR,2022-07-16 23:35:54,83,-15.8631,-38.8828,71.83,5.32
402,Kabo,100,CF,2022-07-16 23:38:21,97,7.6994,18.629,71.31,4.34
403,Mackay,75,AU,2022-07-16 23:35:06,76,-21.15,149.2,70.68,13.87
404,Bireun,100,ID,2022-07-16 23:38:22,80,5.203,96.7009,77.65,4.36
405,San Jeronimo,47,PE,2022-07-16 23:39:22,70,-11.9472,-75.2829,51.15,6.96
406,La Palma,20,US,2022-07-16 23:38:29,62,33.8464,-118.0467,102.96,11.5
407,Namibe,17,AO,2022-07-16 23:39:23,77,-15.1961,12.1522,67.51,7.94
408,Svetlogorsk,43,BY,2022-07-16 23:39:23,89,52.6333,29.7333,52.32,4.16
409,Bambous Virieux,40,MU,2022-07-16 23:39:23,73,-20.3428,57.7575,70.05,13.8
410,Anadyr,0,RU,2022-07-16 23:39:24,68,64.75,177.4833,66.7,6.71
411,Sisimiut,89,GL,2022-07-16 23:39:24,82,66.9395,-53.6735,42.89,5.86
412,Saint-Augustin,42,CA,2022-07-16 23:39:24,67,51.226,-58.6502,59.22,4.41
413,Wilkie,0,CA,2022-07-16 23:39:25,47,52.4168,-108.7014,85.89,10.16
414,Te Anau,100,NZ,2022-07-16 23:39:25,95,-45.4167,167.7167,42.4,7.65
415,Emba,3,KZ,2022-07-16 23:36:56,61,48.8264,58.1442,71.42,7.63
416,Neuquen,0,AR,2022-07-16 23:37:18,81,-38.9516,-68.0591,40.89,0.0
417,Tual,100,ID,2022-07-16 23:39:26,79,-5.6667,132.75,79.23,23.11
418,Miri,20,MY,2022-07-16 23:39:26,94,4.4148,114.0089,77.14,2.3
419,Sao Joao Da Barra,85,BR,2022-07-16 23:35:00,84,-21.6403,-41.0511,72.07,20.04
420,Nsanje,80,MW,2022-07-16 23:39:27,96,-16.92,35.262,59.72,3.0
421,Carnduff,0,CA,2022-07-16 23:39:27,52,49.1667,-101.8009,85.37,5.32
422,Baker City,0,US,2022-07-16 23:39:28,28,44.7749,-117.8344,91.18,14.97
423,Ayan,49,RU,2022-07-16 23:39:28,89,56.45,138.1667,59.52,9.35
424,Kawalu,99,ID,2022-07-16 23:34:35,97,-7.3817,108.2082,73.2,1.81
425,Luderitz,0,NA,2022-07-16 23:39:29,28,-26.6481,15.1594,70.86,7.96
426,Sencur,75,SI,2022-07-16 23:39:29,71,46.2456,14.4197,67.62,2.3
427,Atherton,100,GB,2022-07-16 23:39:29,81,53.5237,-2.4935,64.29,1.01
428,Shetpe,0,KZ,2022-07-16 23:39:30,23,44.1667,52.1167,87.3,12.44
429,Seydisehir,0,TR,2022-07-16 23:39:30,56,37.4193,31.8453,63.18,4.47
430,Cananea,61,MX,2022-07-16 23:39:31,34,30.95,-110.3,84.36,4.12
431,Shelton,0,US,2022-07-16 23:36:28,80,41.3165,-73.0932,77.0,6.91
432,Sitka,100,US,2022-07-16 23:39:31,82,57.0531,-135.33,60.69,5.75
433,Buraydah,30,SA,2022-07-16 23:38:28,11,26.326,43.975,90.05,9.19
434,Ures,1,MX,2022-07-16 23:39:32,37,29.4333,-110.4,96.21,9.91
435,Bairiki,75,KI,2022-07-16 23:39:32,79,1.3292,172.9752,84.2,12.66
436,San Francisco,20,US,2022-07-16 23:39:26,72,37.7749,-122.4194,91.22,20.71
437,Salalah,100,OM,2022-07-16 23:39:33,96,17.0151,54.0924,77.02,10.45
438,Omboue,93,GA,2022-07-16 23:39:33,90,-1.5746,9.2618,70.83,5.57
439,Nantucket,0,US,2022-07-16 23:39:33,88,41.2835,-70.0995,75.31,8.05
440,Manjacaze,81,MZ,2022-07-16 23:39:34,76,-24.7117,33.8828,65.3,5.84
441,Mount Isa,0,AU,2022-07-16 23:39:34,58,-20.7333,139.5,56.97,0.0
442,Saint-Jean-De-Maurienne,1,FR,2022-07-16 23:39:34,72,45.1667,6.5833,51.04,2.33
443,Bobcaygeon,2,CA,2022-07-16 23:39:35,59,44.5462,-78.542,79.88,4.72
444,Lokoja,100,NG,2022-07-16 23:39:35,93,7.8024,6.743,73.63,5.17
445,Campoverde,64,PE,2022-07-16 23:39:35,74,-8.4753,-74.8058,85.69,2.62
446,Chissamba,0,AO,2022-07-16 23:39:36,47,-12.1667,17.3333,55.51,4.32
447,Ambulu,31,ID,2022-07-16 23:39:36,87,-8.345,113.6058,75.76,3.2
448,Bakel,60,SN,2022-07-16 23:39:36,59,14.905,-12.4568,88.93,17.25
449,Kuryk,0,KZ,2022-07-16 23:39:37,32,43.2,51.65,84.94,4.72
450,Meulaboh,97,ID,2022-07-16 23:39:37,90,4.1363,96.1285,75.97,4.09
451,Chitipa,45,MW,2022-07-16 23:39:37,94,-9.7024,33.2697,52.79,5.39
452,Kenitra,7,MA,2022-07-16 23:39:38,92,34.261,-6.5802,74.16,8.72
453,Caramay,100,PH,2022-07-16 23:39:38,80,10.1815,119.236,80.89,3.06
454,Evensk,100,RU,2022-07-16 23:40:38,96,61.95,159.2333,51.76,4.5
455,Pouebo,35,NC,2022-07-16 23:40:39,60,-20.4,164.5667,72.5,17.72
456,Isiro,47,CD,2022-07-16 23:40:39,99,2.7739,27.616,65.03,0.49
457,Lermontovka,100,RU,2022-07-16 23:40:39,87,47.1453,134.3383,66.54,3.02
458,Gambiran,98,ID,2022-07-16 23:40:40,90,-6.7988,111.4951,74.05,7.52
459,Koslan,0,RU,2022-07-16 23:40:40,92,63.4564,48.8989,52.88,4.52
460,Gebre Guracha,100,ET,2022-07-16 23:40:40,91,9.8,38.4,52.7,2.89
461,Villa Rica,52,US,2022-07-16 23:40:41,77,33.7321,-84.9191,88.39,4.68
462,Russkoye,6,UA,2022-07-16 23:40:41,56,45.0167,34.8,66.51,2.51
463,Haines Junction,100,CA,2022-07-16 23:40:41,40,60.7522,-137.5108,67.95,9.22
464,Arlit,96,NE,2022-07-16 23:37:41,39,18.7369,7.3853,87.39,6.58
465,Kupang,20,ID,2022-07-16 23:40:43,72,-10.1667,123.5833,77.49,13.11
466,Dingli,0,MT,2022-07-16 23:40:43,83,35.8614,14.3822,75.81,3.44
467,Sistranda,100,NO,2022-07-16 23:40:43,75,63.7256,8.834,49.96,21.12
468,Piacabucu,14,BR,2022-07-16 23:40:44,87,-10.4056,-36.4344,72.46,8.55
469,Lagoa,0,PT,2022-07-16 23:40:44,90,39.05,-27.9833,69.8,7.7
470,Trairi,46,BR,2022-07-16 23:38:19,79,-3.2778,-39.2689,79.09,11.48
471,La Ronge,40,CA,2022-07-16 23:40:44,47,55.1001,-105.2842,79.05,6.91
472,Faya,49,SA,2022-07-16 23:40:45,33,18.3851,42.4509,64.92,7.67
473,Palmares Do Sul,69,BR,2022-07-16 23:40:45,84,-30.2578,-50.5097,64.27,21.09
474,Beian,75,NO,2022-07-16 23:40:47,87,63.6559,9.5683,51.01,14.97
475,Murray Bridge,49,AU,2022-07-16 23:40:47,71,-35.1167,139.2667,55.13,15.48
476,Hanna,0,CA,2022-07-16 23:40:48,42,51.6334,-111.9018,85.86,1.99
477,Sukhobuzimskoye,100,RU,2022-07-16 23:40:48,93,56.5,93.2728,54.79,3.42
478,Souillac,40,MU,2022-07-16 23:40:48,73,-20.5167,57.5167,70.18,13.8
479,Adre,100,TD,2022-07-16 23:40:49,71,13.4667,22.2,77.27,6.51
480,Waddan,0,LY,2022-07-16 23:39:36,50,29.1614,16.139,75.38,9.62
481,Podlesnoye,98,RU,2022-07-16 23:40:49,60,51.8161,47.009,67.59,2.84
482,Barra Da Estiva,47,BR,2022-07-16 23:40:50,69,-13.6261,-41.3269,60.67,4.09
483,Marawi,98,PH,2022-07-16 23:37:11,88,7.9986,124.2928,72.5,2.44
484,Porbandar,72,IN,2022-07-16 23:40:50,85,21.6422,69.6093,81.7,23.24
485,Sorong,100,ID,2022-07-16 23:40:50,85,-0.8833,131.25,78.87,6.78
486,Oistins,75,BB,2022-07-16 23:40:51,89,13.0667,-59.5333,78.89,14.97
487,Manokwari,99,ID,2022-07-16 23:40:51,74,-0.8667,134.0833,80.29,2.73
488,Ziarat,0,PK,2022-07-16 23:35:54,80,30.3823,67.7282,62.42,4.0
489,Kattivakkam,100,IN,2022-07-16 23:40:52,87,13.2167,80.3167,80.69,11.05
490,Derzhavinsk,0,KZ,2022-07-16 23:40:52,82,51.1,66.3167,64.92,13.96
491,Calama,0,CL,2022-07-16 23:40:52,14,-22.4667,-68.9333,54.09,14.97
492,Yerbogachen,100,RU,2022-07-16 23:40:53,60,61.2767,108.0108,62.89,3.56
493,Yangjiang,94,CN,2022-07-16 23:40:54,84,21.85,111.9667,84.07,10.89
494,Alghero,75,IT,2022-07-16 23:40:54,100,40.5589,8.3181,71.69,1.14
495,Baie-Comeau,100,CA,2022-07-16 23:39:42,68,49.2168,-68.1489,64.08,10.36
496,Port Blair,75,IN,2022-07-16 23:40:54,94,11.6667,92.75,77.04,2.3
497,Inyonga,4,TZ,2022-07-16 23:40:55,64,-6.7167,32.0667,61.57,6.91
498,Alamor,87,EC,2022-07-16 23:41:55,84,-4.0181,-80.0197,62.47,1.72
499,Naspur,100,IN,2022-07-16 23:41:56,87,18.8333,79.45,78.46,10.63
500,Moose Factory,100,CA,2022-07-16 23:39:35,77,51.2585,-80.6094,67.98,13.8
501,Zhigansk,100,RU,2022-07-16 23:41:56,94,66.7697,123.3711,46.85,14.47
502,Narasannapeta,100,IN,2022-07-16 23:41:56,94,18.4167,84.05,77.05,9.78
503,Bonavista,80,CA,2022-07-16 23:40:54,84,48.6499,-53.1147,57.2,7.56
504,Juneau,100,US,2022-07-16 23:41:57,95,58.3019,-134.4197,60.22,8.05
505,Awbari,0,LY,2022-07-16 23:41:57,19,26.5921,12.7805,81.63,9.04
506,Tura,55,IN,2022-07-16 23:41:58,92,25.5198,90.2201,75.33,5.39
507,Nabire,100,ID,2022-07-16 23:41:58,91,-3.3667,135.4833,77.07,3.4
508,Northam,84,GB,2022-07-16 23:41:58,66,51.0333,-4.2167,65.61,7.34
509,Umm Lajj,33,SA,2022-07-16 23:41:59,71,25.0213,37.2685,82.94,7.74
510,Chico,0,US,2022-07-16 23:39:57,14,39.7285,-121.8375,106.21,11.5
511,Kirakira,22,SB,2022-07-16 23:41:59,71,-10.4544,161.9205,84.09,13.56
512,Astolfo Dutra,62,BR,2022-07-16 23:42:00,60,-21.3153,-42.8622,66.67,3.36
513,Zhezkazgan,30,KZ,2022-07-16 23:42:00,44,47.8043,67.7144,73.89,8.7
514,Sol-Iletsk,58,RU,2022-07-16 23:42:00,76,51.1631,54.9918,67.57,5.95
515,Cap Malheureux,4,MU,2022-07-16 23:42:01,76,-19.9842,57.6142,66.47,4.0
516,Pinega,2,RU,2022-07-16 23:42:01,94,64.7001,43.3936,52.99,5.14
517,Springfield,20,US,2022-07-16 23:38:02,49,37.2153,-93.2982,93.06,6.91
518,San Andres,40,CO,2022-07-16 23:42:02,79,12.5847,-81.7006,84.22,11.5
519,La Libertad,88,EC,2022-07-16 23:40:28,87,-2.2333,-80.9,68.32,9.95
520,Woodward,0,US,2022-07-16 23:42:02,21,36.4337,-99.3904,105.03,14.97
521,Port Augusta,22,AU,2022-07-16 23:39:41,66,-32.5,137.7667,57.97,11.83
522,Udachnyy,100,RU,2022-07-16 23:42:03,100,66.4167,112.4,50.45,15.26
523,Shelburne,2,CA,2022-07-16 23:42:03,68,44.0787,-80.2041,79.59,3.44
524,Nanortalik,36,GL,2022-07-16 23:42:04,83,60.1432,-45.2371,41.92,5.32
525,Ostrovnoy,50,RU,2022-07-16 23:42:04,89,68.0531,39.5131,55.53,9.75
526,Baykit,75,RU,2022-07-16 23:42:04,90,61.67,96.37,55.18,0.78
527,Salvador,100,SV,2022-07-16 23:42:05,90,13.8333,-88.9167,78.84,2.04
528,Sonqor,0,IR,2022-07-16 23:42:05,20,34.7837,47.6004,69.22,4.23
529,Bambanglipuro,49,ID,2022-07-16 23:42:05,86,-7.95,110.2833,77.14,9.35
530,Riyadh,99,SA,2022-07-16 23:37:45,12,24.6877,46.7219,89.74,10.0
531,Manggar,100,ID,2022-07-16 23:42:06,75,-2.8833,108.2667,79.0,3.24
532,San Juan Del Parana,75,PY,2022-07-16 23:42:06,87,-27.3,-55.9667,51.85,9.26
533,Ovalle,10,CL,2022-07-16 23:42:07,60,-30.5983,-71.2003,50.56,4.88
534,Montoro,0,ES,2022-07-16 23:42:07,25,38.0241,-4.3834,79.38,3.24
535,Dudinka,93,RU,2022-07-16 23:42:07,58,69.4058,86.1778,60.62,15.9
536,Beloha,8,MG,2022-07-16 23:38:14,85,-25.1667,45.05,64.83,13.67
537,Leh,49,IN,2022-07-16 23:42:08,66,34.1667,77.5833,56.61,5.68
538,Erdenet,4,MN,2022-07-16 23:42:08,61,49.0333,104.0833,58.95,3.94
539,Tomelloso,0,ES,2022-07-16 23:42:09,26,39.1522,-3.0243,80.51,8.59
540,Minab,97,IR,2022-07-16 23:42:09,58,27.1467,57.0801,91.72,0.0
541,Bunia,21,CD,2022-07-16 23:42:09,80,1.5667,30.25,63.72,2.24
542,Aripuana,62,BR,2022-07-16 23:43:10,52,-9.1667,-60.6333,80.37,0.87
543,Marshfield,0,US,2022-07-16 23:43:10,69,44.6689,-90.1718,76.66,8.05
544,Gimli,2,CA,2022-07-16 23:43:11,69,50.6336,-96.9907,77.02,11.5
545,Gemena,80,CD,2022-07-16 23:43:11,98,3.25,19.7667,70.66,0.56
546,Husavik,100,IS,2022-07-16 23:43:11,92,66.0449,-17.3389,51.13,3.96
547,Tuatapere,100,NZ,2022-07-16 23:39:28,86,-46.1333,167.6833,46.4,9.8
548,Sri Aman,100,MY,2022-07-16 23:43:12,94,1.2376,111.4621,71.65,10.36
549,Wajir,44,KE,2022-07-16 23:43:12,76,1.7471,40.0573,71.62,14.81
550,Bacolod,96,PH,2022-07-16 23:41:04,84,10.6667,122.95,80.78,9.04
551,Beringovskiy,50,RU,2022-07-16 23:43:13,62,63.05,179.3167,61.54,2.82
552,Sulangan,100,PH,2022-07-16 23:43:13,73,11.1373,123.7228,83.21,7.83
553,Avera,85,US,2022-07-16 23:43:13,74,33.194,-82.5271,86.56,4.05
554,Porto Novo,99,BJ,2022-07-16 23:43:14,88,6.4965,2.6036,75.4,8.39
555,Murom,86,RU,2022-07-16 23:43:14,64,55.5656,42.0417,60.08,1.52
556,Shihezi,1,CN,2022-07-16 23:43:14,22,44.3,86.0333,78.67,5.59
557,Fort-Shevchenko,0,KZ,2022-07-16 23:43:15,39,44.5086,50.263,85.01,6.38
558,Lingao,90,CN,2022-07-16 23:43:15,82,19.9103,109.6859,83.08,3.0
559,Kargat,67,RU,2022-07-16 23:43:15,79,55.1956,80.2811,58.89,5.5
560,Sibu,40,MY,2022-07-16 23:43:16,83,2.3,111.8167,71.91,5.99
561,Wagga Wagga,91,AU,2022-07-16 23:43:16,69,-35.1167,147.3667,50.85,13.38
562,Kelso,100,US,2022-07-16 23:43:16,59,46.1468,-122.9084,75.85,8.05
563,Bowen,0,AU,2022-07-16 23:43:17,69,-20.0167,148.2333,68.88,16.69
564,Magole,75,TZ,2022-07-16 23:43:17,92,-6.3667,37.3667,62.83,2.91
565,Poronaysk,100,RU,2022-07-16 23:43:18,84,49.2167,143.1167,56.95,3.69
566,San Rafael,11,AR,2022-07-16 23:43:18,43,-34.6177,-68.3301,42.42,9.8
567,Columbus,75,US,2022-07-16 23:38:42,82,39.9612,-82.9988,80.11,9.22
568,Pemangkat,100,ID,2022-07-16 23:43:19,83,1.1667,108.9667,78.82,5.79
569,Kjollefjord,100,NO,2022-07-16 23:43:19,93,70.9457,27.3465,51.85,23.02
570,Madaoua,75,NE,2022-07-16 23:43:19,68,14.073,5.96,80.47,10.13
571,Kahului,40,US,2022-07-16 23:39:15,70,20.8947,-156.47,86.02,27.63
572,Nikolayevsk-Na-Amure,93,RU,2022-07-16 23:41:21,52,53.1406,140.73,74.89,4.88
573,Batticaloa,98,LK,2022-07-16 23:43:20,77,7.7102,81.6924,79.95,5.44
